Source,Destination,Protocol,Length,Info,Type,Type of attack_ARP Spoofing,Type of attack_DoS Attack,Type of attack_Nmap Port Scan,Type of attack_No Attack,Type of attack_Smurf Attack
46,44,4,42,22224,0,0.0,0.0,0.0,0.0,1.0
46,44,4,42,22224,0,0.0,0.0,0.0,0.0,1.0
24,45,9,1474,22182,1,0.0,0.0,0.0,1.0,0.0
46,44,4,42,22224,0,0.0,0.0,0.0,0.0,1.0
45,46,7,54,15009,1,0.0,0.0,0.0,1.0,0.0
46,44,4,42,22224,0,0.0,0.0,0.0,0.0,1.0
46,44,4,42,22224,0,0.0,0.0,0.0,0.0,1.0
46,44,4,42,22224,0,0.0,0.0,0.0,0.0,1.0
46,44,4,42,22224,0,0.0,0.0,0.0,0.0,1.0
46,44,4,42,22224,0,0.0,0.0,0.0,0.0,1.0
67,69,0,42,23152,0,1.0,0.0,0.0,0.0,0.0
46,44,4,42,22224,0,0.0,0.0,0.0,0.0,1.0
45,23,7,66,13290,1,0.0,0.0,0.0,1.0,0.0
46,44,4,42,22224,0,0.0,0.0,0.0,0.0,1.0
46,44,4,42,22224,0,0.0,0.0,0.0,0.0,1.0
44,46,2,92,22766,1,0.0,0.0,0.0,1.0,0.0
46,44,4,42,22224,0,0.0,0.0,0.0,0.0,1.0
45,46,7,54,4672,1,0.0,0.0,0.0,1.0,0.0
46,44,4,42,22224,0,0.0,0.0,0.0,0.0,1.0
45,41,7,66,7361,1,0.0,0.0,0.0,1.0,0.0
46,44,4,42,22224,0,0.0,0.0,0.0,0.0,1.0
46,44,4,42,22224,0,0.0,0.0,0.0,0.0,1.0
46,44,4,42,22224,0,0.0,0.0,0.0,0.0,1.0
46,44,4,42,22224,0,0.0,0.0,0.0,0.0,1.0
45,44,7,58,19310,1,0.0,0.0,0.0,1.0,0.0
46,44,4,42,22224,0,0.0,0.0,0.0,0.0,1.0
45,18,7,66,16232,1,0.0,0.0,0.0,1.0,0.0
46,44,4,42,22224,0,0.0,0.0,0.0,0.0,1.0
45,38,7,66,12625,1,0.0,0.0,0.0,1.0,0.0
46,44,4,42,22224,0,0.0,0.0,0.0,0.0,1.0
46,44,4,42,22224,0,0.0,0.0,0.0,0.0,1.0
46,44,4,42,22224,0,0.0,0.0,0.0,0.0,1.0
46,44,4,42,22224,0,0.0,0.0,0.0,0.0,1.0
45,9,6,506,22244,1,0.0,0.0,0.0,1.0,0.0
46,44,4,42,22224,0,0.0,0.0,0.0,0.0,1.0
46,44,4,42,22224,0,0.0,0.0,0.0,0.0,1.0
46,44,4,42,22224,0,0.0,0.0,0.0,0.0,1.0
46,44,4,42,22224,0,0.0,0.0,0.0,0.0,1.0
46,44,4,42,22224,0,0.0,0.0,0.0,0.0,1.0
46,44,4,42,22224,0,0.0,0.0,0.0,0.0,1.0
2,45,9,76,22182,1,0.0,0.0,0.0,1.0,0.0
46,44,4,42,22224,0,0.0,0.0,0.0,0.0,1.0
46,44,4,42,22224,0,0.0,0.0,0.0,0.0,1.0
46,44,4,42,22224,0,0.0,0.0,0.0,0.0,1.0
46,44,4,42,22224,0,0.0,0.0,0.0,0.0,1.0
46,44,4,42,22224,0,0.0,0.0,0.0,0.0,1.0
46,44,4,42,22224,0,0.0,0.0,0.0,0.0,1.0
26,45,9,207,22182,1,0.0,0.0,0.0,1.0,0.0
46,45,7,54,20358,0,0.0,0.0,1.0,0.0,0.0
45,46,7,58,4487,1,0.0,0.0,0.0,1.0,0.0
46,44,4,42,22224,0,0.0,0.0,0.0,0.0,1.0
46,44,4,42,22224,0,0.0,0.0,0.0,0.0,1.0
46,44,4,42,22224,0,0.0,0.0,0.0,0.0,1.0
46,44,4,42,22224,0,0.0,0.0,0.0,0.0,1.0
45,24,7,66,16925,1,0.0,0.0,0.0,1.0,0.0
46,44,4,42,22224,0,0.0,0.0,0.0,0.0,1.0
46,44,4,42,22224,0,0.0,0.0,0.0,0.0,1.0
24,45,9,135,22182,1,0.0,0.0,0.0,1.0,0.0
46,44,4,42,22224,0,0.0,0.0,0.0,0.0,1.0
46,44,4,42,22224,0,0.0,0.0,0.0,0.0,1.0
46,44,4,42,22224,0,0.0,0.0,0.0,0.0,1.0
46,44,4,42,22224,0,0.0,0.0,0.0,0.0,1.0
46,44,4,42,22224,0,0.0,0.0,0.0,0.0,1.0
44,45,7,54,1210,0,0.0,0.0,1.0,0.0,0.0
46,44,4,42,22224,0,0.0,0.0,0.0,0.0,1.0
46,44,4,42,22224,0,0.0,0.0,0.0,0.0,1.0
46,44,4,42,22224,0,0.0,0.0,0.0,0.0,1.0
46,44,4,42,22224,0,0.0,0.0,0.0,0.0,1.0
46,44,4,42,22224,0,0.0,0.0,0.0,0.0,1.0
46,44,2,76,22345,1,0.0,0.0,0.0,1.0,0.0
45,46,4,82,22243,0,0.0,0.0,0.0,0.0,1.0
46,44,4,42,22224,0,0.0,0.0,0.0,0.0,1.0
46,44,4,42,22224,0,0.0,0.0,0.0,0.0,1.0
46,44,4,42,22224,0,0.0,0.0,0.0,0.0,1.0
46,44,4,42,22224,0,0.0,0.0,0.0,0.0,1.0
46,44,4,42,22224,0,0.0,0.0,0.0,0.0,1.0
46,44,4,42,22224,0,0.0,0.0,0.0,0.0,1.0
46,60,7,54,23480,1,0.0,0.0,0.0,1.0,0.0
46,44,4,42,22224,0,0.0,0.0,0.0,0.0,1.0
8,45,7,66,11137,1,0.0,0.0,0.0,1.0,0.0
45,46,7,58,8092,1,0.0,0.0,0.0,1.0,0.0
46,44,4,42,22224,0,0.0,0.0,0.0,0.0,1.0
46,44,4,42,22224,0,0.0,0.0,0.0,0.0,1.0
46,44,4,42,22224,0,0.0,0.0,0.0,0.0,1.0
46,44,4,42,22224,0,0.0,0.0,0.0,0.0,1.0
46,44,4,42,22224,0,0.0,0.0,0.0,0.0,1.0
46,44,4,42,22224,0,0.0,0.0,0.0,0.0,1.0
46,44,4,42,22224,0,0.0,0.0,0.0,0.0,1.0
60,45,7,1474,11989,1,0.0,0.0,0.0,1.0,0.0
46,44,4,42,22224,0,0.0,0.0,0.0,0.0,1.0
46,44,4,42,22224,0,0.0,0.0,0.0,0.0,1.0
46,44,4,42,22224,0,0.0,0.0,0.0,0.0,1.0
46,44,4,42,22224,0,0.0,0.0,0.0,0.0,1.0
45,32,7,66,15497,0,0.0,0.0,1.0,0.0,0.0
46,44,4,42,22224,0,0.0,0.0,0.0,0.0,1.0
46,44,4,42,22224,0,0.0,0.0,0.0,0.0,1.0
46,44,4,42,22224,0,0.0,0.0,0.0,0.0,1.0
46,44,4,42,22224,0,0.0,0.0,0.0,0.0,1.0
45,39,7,66,13754,1,0.0,0.0,0.0,1.0,0.0
45,44,7,58,5401,1,0.0,0.0,0.0,1.0,0.0
67,69,0,42,23296,0,1.0,0.0,0.0,0.0,0.0
46,44,4,42,22224,0,0.0,0.0,0.0,0.0,1.0
46,44,4,42,22224,0,0.0,0.0,0.0,0.0,1.0
46,44,4,42,22224,0,0.0,0.0,0.0,0.0,1.0
46,44,4,42,22224,0,0.0,0.0,0.0,0.0,1.0
39,45,9,1474,22182,1,0.0,0.0,0.0,1.0,0.0
60,45,7,1474,11565,1,0.0,0.0,0.0,1.0,0.0
46,44,4,42,22224,0,0.0,0.0,0.0,0.0,1.0
46,44,4,42,22224,0,0.0,0.0,0.0,0.0,1.0
44,45,7,54,2645,0,0.0,0.0,1.0,0.0,0.0
46,44,4,42,22224,0,0.0,0.0,0.0,0.0,1.0
45,46,7,58,8625,1,0.0,0.0,0.0,1.0,0.0
46,44,4,42,22224,0,0.0,0.0,0.0,0.0,1.0
45,43,7,66,13426,0,0.0,0.0,1.0,0.0,0.0
46,44,4,42,22224,0,0.0,0.0,0.0,0.0,1.0
46,44,4,42,22224,0,0.0,0.0,0.0,0.0,1.0
46,44,4,42,22224,0,0.0,0.0,0.0,0.0,1.0
46,44,4,42,22224,0,0.0,0.0,0.0,0.0,1.0
46,44,4,42,22224,0,0.0,0.0,0.0,0.0,1.0
46,44,4,42,22224,0,0.0,0.0,0.0,0.0,1.0
46,44,4,42,22224,0,0.0,0.0,0.0,0.0,1.0
46,45,7,54,2197,0,0.0,0.0,1.0,0.0,0.0
46,44,4,42,22224,0,0.0,0.0,0.0,0.0,1.0
46,44,4,42,22224,0,0.0,0.0,0.0,0.0,1.0
44,45,7,54,12689,0,0.0,0.0,1.0,0.0,0.0
28,45,9,1474,22183,1,0.0,0.0,0.0,1.0,0.0
45,44,7,58,18679,1,0.0,0.0,0.0,1.0,0.0
46,44,4,42,22224,0,0.0,0.0,0.0,0.0,1.0
46,44,4,42,22224,0,0.0,0.0,0.0,0.0,1.0
46,44,4,42,22224,0,0.0,0.0,0.0,0.0,1.0
46,44,4,42,22224,0,0.0,0.0,0.0,0.0,1.0
46,44,4,42,22224,0,0.0,0.0,0.0,0.0,1.0
46,44,4,42,22224,0,0.0,0.0,0.0,0.0,1.0
46,44,4,42,22224,0,0.0,0.0,0.0,0.0,1.0
46,44,4,42,22224,0,0.0,0.0,0.0,0.0,1.0
46,44,4,42,22224,0,0.0,0.0,0.0,0.0,1.0
46,44,4,42,22224,0,0.0,0.0,0.0,0.0,1.0
46,44,4,42,22224,0,0.0,0.0,0.0,0.0,1.0
45,41,7,66,7346,1,0.0,0.0,0.0,1.0,0.0
46,44,4,42,22224,0,0.0,0.0,0.0,0.0,1.0
46,44,4,42,22224,0,0.0,0.0,0.0,0.0,1.0
42,45,7,66,10837,1,0.0,0.0,0.0,1.0,0.0
46,44,4,42,22224,0,0.0,0.0,0.0,0.0,1.0
46,44,4,42,22224,0,0.0,0.0,0.0,0.0,1.0
46,44,4,42,22224,0,0.0,0.0,0.0,0.0,1.0
46,44,4,42,22224,0,0.0,0.0,0.0,0.0,1.0
46,44,4,42,22224,0,0.0,0.0,0.0,0.0,1.0
46,44,4,42,22224,0,0.0,0.0,0.0,0.0,1.0
46,44,4,42,22224,0,0.0,0.0,0.0,0.0,1.0
46,44,4,42,22224,0,0.0,0.0,0.0,0.0,1.0
46,44,4,42,22224,0,0.0,0.0,0.0,0.0,1.0
46,44,4,42,22224,0,0.0,0.0,0.0,0.0,1.0
17,45,9,604,22182,1,0.0,0.0,0.0,1.0,0.0
46,44,4,42,22224,0,0.0,0.0,0.0,0.0,1.0
46,44,4,42,22224,0,0.0,0.0,0.0,0.0,1.0
50,45,9,1474,22182,1,0.0,0.0,0.0,1.0,0.0
25,45,9,403,22184,1,0.0,0.0,0.0,1.0,0.0
46,44,4,42,22224,0,0.0,0.0,0.0,0.0,1.0
46,44,4,42,22224,0,0.0,0.0,0.0,0.0,1.0
46,44,4,42,22224,0,0.0,0.0,0.0,0.0,1.0
31,45,7,74,10977,1,0.0,0.0,0.0,1.0,0.0
46,44,4,42,22224,0,0.0,0.0,0.0,0.0,1.0
25,45,7,66,12417,1,0.0,0.0,0.0,1.0,0.0
46,44,4,42,22224,0,0.0,0.0,0.0,0.0,1.0
45,2,7,66,4927,1,0.0,0.0,0.0,1.0,0.0
46,44,4,42,22224,0,0.0,0.0,0.0,0.0,1.0
46,44,4,42,22224,0,0.0,0.0,0.0,0.0,1.0
46,60,7,54,3158,0,0.0,0.0,1.0,0.0,0.0
46,44,4,42,22224,0,0.0,0.0,0.0,0.0,1.0
46,44,4,42,22224,0,0.0,0.0,0.0,0.0,1.0
46,44,4,42,22224,0,0.0,0.0,0.0,0.0,1.0
46,44,4,42,22224,0,0.0,0.0,0.0,0.0,1.0
45,46,7,58,8808,1,0.0,0.0,0.0,1.0,0.0
46,44,4,42,22224,0,0.0,0.0,0.0,0.0,1.0
44,45,7,54,17222,0,0.0,0.0,1.0,0.0,0.0
45,10,9,415,22182,1,0.0,0.0,0.0,1.0,0.0
46,44,4,42,22224,0,0.0,0.0,0.0,0.0,1.0
46,44,4,42,22224,0,0.0,0.0,0.0,0.0,1.0
46,44,2,76,22324,1,0.0,0.0,0.0,1.0,0.0
64,68,0,42,1872,0,1.0,0.0,0.0,0.0,0.0
46,44,4,42,22224,0,0.0,0.0,0.0,0.0,1.0
46,44,4,42,22224,0,0.0,0.0,0.0,0.0,1.0
45,46,7,58,8351,1,0.0,0.0,0.0,1.0,0.0
34,45,9,1474,22182,1,0.0,0.0,0.0,1.0,0.0
44,45,7,54,20938,0,0.0,0.0,1.0,0.0,0.0
67,69,0,42,23250,0,1.0,0.0,0.0,0.0,0.0
46,44,4,42,22224,0,0.0,0.0,0.0,0.0,1.0
46,44,4,42,22224,0,0.0,0.0,0.0,0.0,1.0
46,44,4,42,22224,0,0.0,0.0,0.0,0.0,1.0
44,45,7,54,22146,0,0.0,0.0,1.0,0.0,0.0
46,44,4,42,22224,0,0.0,0.0,0.0,0.0,1.0
46,44,4,42,22224,0,0.0,0.0,0.0,0.0,1.0
46,44,4,42,22224,0,0.0,0.0,0.0,0.0,1.0
46,44,4,42,22224,0,0.0,0.0,0.0,0.0,1.0
44,45,7,54,1481,0,0.0,0.0,1.0,0.0,0.0
45,44,7,58,18451,1,0.0,0.0,0.0,1.0,0.0
46,44,4,42,22224,0,0.0,0.0,0.0,0.0,1.0
46,44,4,42,22224,0,0.0,0.0,0.0,0.0,1.0
46,44,4,42,22224,0,0.0,0.0,0.0,0.0,1.0
46,44,4,42,22224,0,0.0,0.0,0.0,0.0,1.0
46,44,4,42,22224,0,0.0,0.0,0.0,0.0,1.0
39,45,9,112,22182,1,0.0,0.0,0.0,1.0,0.0
46,44,4,42,22224,0,0.0,0.0,0.0,0.0,1.0
67,69,0,42,1871,0,1.0,0.0,0.0,0.0,0.0
46,44,4,42,22224,0,0.0,0.0,0.0,0.0,1.0
46,45,7,54,2042,0,0.0,0.0,1.0,0.0,0.0
46,44,4,42,22224,0,0.0,0.0,0.0,0.0,1.0
46,44,4,42,22224,0,0.0,0.0,0.0,0.0,1.0
46,44,4,42,22224,0,0.0,0.0,0.0,0.0,1.0
45,44,7,58,5500,1,0.0,0.0,0.0,1.0,0.0
23,45,9,1474,22182,1,0.0,0.0,0.0,1.0,0.0
45,44,7,58,18671,1,0.0,0.0,0.0,1.0,0.0
46,44,4,42,22224,0,0.0,0.0,0.0,0.0,1.0
46,44,4,42,22224,0,0.0,0.0,0.0,0.0,1.0
45,46,7,58,3980,1,0.0,0.0,0.0,1.0,0.0
23,45,9,1474,22182,1,0.0,0.0,0.0,1.0,0.0
23,45,7,66,10657,1,0.0,0.0,0.0,1.0,0.0
46,44,4,42,22224,0,0.0,0.0,0.0,0.0,1.0
46,44,4,42,22224,0,0.0,0.0,0.0,0.0,1.0
45,46,7,58,8235,1,0.0,0.0,0.0,1.0,0.0
46,44,4,42,22224,0,0.0,0.0,0.0,0.0,1.0
46,44,4,42,22224,0,0.0,0.0,0.0,0.0,1.0
46,44,4,42,22224,0,0.0,0.0,0.0,0.0,1.0
46,44,4,42,22224,0,0.0,0.0,0.0,0.0,1.0
46,44,4,42,22224,0,0.0,0.0,0.0,0.0,1.0
45,49,9,248,22182,1,0.0,0.0,0.0,1.0,0.0
46,44,4,42,22224,0,0.0,0.0,0.0,0.0,1.0
46,44,4,42,22224,0,0.0,0.0,0.0,0.0,1.0
60,45,7,1474,11692,1,0.0,0.0,0.0,1.0,0.0
46,44,4,42,22224,0,0.0,0.0,0.0,0.0,1.0
46,44,4,42,22224,0,0.0,0.0,0.0,0.0,1.0
46,44,4,42,22224,0,0.0,0.0,0.0,0.0,1.0
46,44,4,42,22224,0,0.0,0.0,0.0,0.0,1.0
46,44,4,42,22224,0,0.0,0.0,0.0,0.0,1.0
45,46,7,58,4183,1,0.0,0.0,0.0,1.0,0.0
46,44,4,42,22224,0,0.0,0.0,0.0,0.0,1.0
46,44,4,42,22224,0,0.0,0.0,0.0,0.0,1.0
45,46,7,54,1201,1,0.0,0.0,0.0,1.0,0.0
44,45,7,54,7566,0,0.0,0.0,1.0,0.0,0.0
46,44,4,42,22224,0,0.0,0.0,0.0,0.0,1.0
46,44,4,42,22224,0,0.0,0.0,0.0,0.0,1.0
46,44,4,42,22224,0,0.0,0.0,0.0,0.0,1.0
46,44,4,42,22224,0,0.0,0.0,0.0,0.0,1.0
44,45,7,54,15717,0,0.0,0.0,1.0,0.0,0.0
46,44,4,42,22224,0,0.0,0.0,0.0,0.0,1.0
46,44,4,42,22224,0,0.0,0.0,0.0,0.0,1.0
46,45,7,54,2027,0,0.0,0.0,1.0,0.0,0.0
46,44,4,42,22224,0,0.0,0.0,0.0,0.0,1.0
46,45,7,54,7495,0,0.0,0.0,1.0,0.0,0.0
45,46,7,58,8882,1,0.0,0.0,0.0,1.0,0.0
45,46,7,58,3832,1,0.0,0.0,0.0,1.0,0.0
46,44,4,42,22224,0,0.0,0.0,0.0,0.0,1.0
45,44,7,58,19768,1,0.0,0.0,0.0,1.0,0.0
46,44,4,42,22224,0,0.0,0.0,0.0,0.0,1.0
45,46,7,58,8604,1,0.0,0.0,0.0,1.0,0.0
46,44,4,42,22224,0,0.0,0.0,0.0,0.0,1.0
46,44,4,42,22224,0,0.0,0.0,0.0,0.0,1.0
46,44,4,42,22224,0,0.0,0.0,0.0,0.0,1.0
46,44,4,42,22224,0,0.0,0.0,0.0,0.0,1.0
46,44,4,42,22224,0,0.0,0.0,0.0,0.0,1.0
46,44,4,42,22224,0,0.0,0.0,0.0,0.0,1.0
46,44,4,42,22224,0,0.0,0.0,0.0,0.0,1.0
60,45,7,1474,11839,1,0.0,0.0,0.0,1.0,0.0
45,44,7,58,18695,1,0.0,0.0,0.0,1.0,0.0
46,44,4,42,22224,0,0.0,0.0,0.0,0.0,1.0
46,44,4,42,22224,0,0.0,0.0,0.0,0.0,1.0
46,45,7,54,20610,0,0.0,0.0,1.0,0.0,0.0
46,44,4,42,22224,0,0.0,0.0,0.0,0.0,1.0
46,60,7,133,23971,0,0.0,1.0,0.0,0.0,0.0
46,44,4,42,22224,0,0.0,0.0,0.0,0.0,1.0
46,44,4,42,22224,0,0.0,0.0,0.0,0.0,1.0
46,44,4,42,22224,0,0.0,0.0,0.0,0.0,1.0
46,44,4,42,22224,0,0.0,0.0,0.0,0.0,1.0
46,44,4,42,22224,0,0.0,0.0,0.0,0.0,1.0
23,45,9,1474,22183,1,0.0,0.0,0.0,1.0,0.0
46,44,4,42,22224,0,0.0,0.0,0.0,0.0,1.0
46,44,4,42,22224,0,0.0,0.0,0.0,0.0,1.0
46,44,4,42,22224,0,0.0,0.0,0.0,0.0,1.0
46,44,4,42,22224,0,0.0,0.0,0.0,0.0,1.0
44,45,7,54,13454,0,0.0,0.0,1.0,0.0,0.0
45,53,9,205,22182,1,0.0,0.0,0.0,1.0,0.0
46,44,4,42,22224,0,0.0,0.0,0.0,0.0,1.0
45,19,9,97,22234,1,0.0,0.0,0.0,1.0,0.0
45,39,7,66,13626,1,0.0,0.0,0.0,1.0,0.0
46,44,4,42,22224,0,0.0,0.0,0.0,0.0,1.0
46,44,4,42,22224,0,0.0,0.0,0.0,0.0,1.0
46,44,4,42,22224,0,0.0,0.0,0.0,0.0,1.0
60,45,7,66,11653,1,0.0,0.0,0.0,1.0,0.0
46,44,4,42,22224,0,0.0,0.0,0.0,0.0,1.0
46,44,4,42,22224,0,0.0,0.0,0.0,0.0,1.0
45,44,7,58,19304,1,0.0,0.0,0.0,1.0,0.0
45,34,7,66,14791,1,0.0,0.0,0.0,1.0,0.0
45,39,7,66,13740,1,0.0,0.0,0.0,1.0,0.0
46,44,4,42,22224,0,0.0,0.0,0.0,0.0,1.0
22,45,7,66,10093,1,0.0,0.0,0.0,1.0,0.0
46,44,4,42,22224,0,0.0,0.0,0.0,0.0,1.0
46,44,4,42,22224,0,0.0,0.0,0.0,0.0,1.0
46,44,4,42,22224,0,0.0,0.0,0.0,0.0,1.0
44,45,2,144,23084,1,0.0,0.0,0.0,1.0,0.0
46,44,4,42,22224,0,0.0,0.0,0.0,0.0,1.0
46,44,4,42,22224,0,0.0,0.0,0.0,0.0,1.0
46,44,4,42,22224,0,0.0,0.0,0.0,0.0,1.0
46,44,4,42,22224,0,0.0,0.0,0.0,0.0,1.0
46,44,4,42,22224,0,0.0,0.0,0.0,0.0,1.0
45,46,7,58,3899,1,0.0,0.0,0.0,1.0,0.0
67,69,0,42,1871,0,1.0,0.0,0.0,0.0,0.0
45,44,7,58,17546,1,0.0,0.0,0.0,1.0,0.0
46,44,4,42,22224,0,0.0,0.0,0.0,0.0,1.0
45,44,7,58,19132,1,0.0,0.0,0.0,1.0,0.0
46,44,4,42,22224,0,0.0,0.0,0.0,0.0,1.0
45,44,7,58,18063,1,0.0,0.0,0.0,1.0,0.0
46,44,4,42,22224,0,0.0,0.0,0.0,0.0,1.0
46,44,4,42,22224,0,0.0,0.0,0.0,0.0,1.0
46,44,4,42,22224,0,0.0,0.0,0.0,0.0,1.0
46,44,4,42,22224,0,0.0,0.0,0.0,0.0,1.0
46,44,4,42,22224,0,0.0,0.0,0.0,0.0,1.0
67,65,0,42,1874,0,1.0,0.0,0.0,0.0,0.0
46,44,4,42,22224,0,0.0,0.0,0.0,0.0,1.0
46,44,4,42,22224,0,0.0,0.0,0.0,0.0,1.0
45,39,7,66,14171,1,0.0,0.0,0.0,1.0,0.0
46,44,4,42,22224,0,0.0,0.0,0.0,0.0,1.0
46,44,4,42,22224,0,0.0,0.0,0.0,0.0,1.0
46,44,4,42,22224,0,0.0,0.0,0.0,0.0,1.0
46,44,4,42,22224,0,0.0,0.0,0.0,0.0,1.0
46,44,4,42,22224,0,0.0,0.0,0.0,0.0,1.0
46,44,4,42,22224,0,0.0,0.0,0.0,0.0,1.0
46,44,4,42,22224,0,0.0,0.0,0.0,0.0,1.0
46,44,4,42,22224,0,0.0,0.0,0.0,0.0,1.0
39,45,9,1474,22182,1,0.0,0.0,0.0,1.0,0.0
46,44,4,42,22224,0,0.0,0.0,0.0,0.0,1.0
46,44,4,42,22224,0,0.0,0.0,0.0,0.0,1.0
46,44,4,42,22224,0,0.0,0.0,0.0,0.0,1.0
46,44,4,42,22224,0,0.0,0.0,0.0,0.0,1.0
46,44,4,42,22224,0,0.0,0.0,0.0,0.0,1.0
46,44,4,42,22224,0,0.0,0.0,0.0,0.0,1.0
46,44,4,42,22224,0,0.0,0.0,0.0,0.0,1.0
46,44,4,42,22224,0,0.0,0.0,0.0,0.0,1.0
46,44,4,42,22224,0,0.0,0.0,0.0,0.0,1.0
45,39,7,66,13707,1,0.0,0.0,0.0,1.0,0.0
46,44,4,42,22224,0,0.0,0.0,0.0,0.0,1.0
46,44,4,42,22224,0,0.0,0.0,0.0,0.0,1.0
67,69,0,42,23364,0,1.0,0.0,0.0,0.0,0.0
45,46,7,54,4915,1,0.0,0.0,0.0,1.0,0.0
46,44,4,42,22224,0,0.0,0.0,0.0,0.0,1.0
46,44,4,42,22224,0,0.0,0.0,0.0,0.0,1.0
46,60,7,54,21482,0,0.0,0.0,1.0,0.0,0.0
46,44,4,42,22224,0,0.0,0.0,0.0,0.0,1.0
46,44,4,42,22224,0,0.0,0.0,0.0,0.0,1.0
46,44,4,42,22224,0,0.0,0.0,0.0,0.0,1.0
46,44,4,42,22224,0,0.0,0.0,0.0,0.0,1.0
46,44,4,42,22224,0,0.0,0.0,0.0,0.0,1.0
30,45,7,1454,10205,1,0.0,0.0,0.0,1.0,0.0
46,44,4,42,22224,0,0.0,0.0,0.0,0.0,1.0
46,44,4,42,22224,0,0.0,0.0,0.0,0.0,1.0
45,44,7,58,6182,1,0.0,0.0,0.0,1.0,0.0
46,44,4,42,22224,0,0.0,0.0,0.0,0.0,1.0
46,44,4,42,22224,0,0.0,0.0,0.0,0.0,1.0
44,45,7,54,2066,0,0.0,0.0,1.0,0.0,0.0
46,44,4,42,22224,0,0.0,0.0,0.0,0.0,1.0
60,45,7,66,11554,0,0.0,0.0,1.0,0.0,0.0
45,46,7,54,4911,1,0.0,0.0,0.0,1.0,0.0
46,44,4,42,22224,0,0.0,0.0,0.0,0.0,1.0
45,46,7,54,1550,1,0.0,0.0,0.0,1.0,0.0
46,44,4,42,22224,0,0.0,0.0,0.0,0.0,1.0
46,44,4,42,22224,0,0.0,0.0,0.0,0.0,1.0
45,46,7,58,9463,1,0.0,0.0,0.0,1.0,0.0
46,44,4,42,22224,0,0.0,0.0,0.0,0.0,1.0
67,69,0,42,23172,0,1.0,0.0,0.0,0.0,0.0
46,44,4,42,22224,0,0.0,0.0,0.0,0.0,1.0
46,44,4,42,22224,0,0.0,0.0,0.0,0.0,1.0
28,45,7,66,21151,0,0.0,0.0,1.0,0.0,0.0
46,44,4,42,22224,0,0.0,0.0,0.0,0.0,1.0
46,44,4,42,22224,0,0.0,0.0,0.0,0.0,1.0
46,44,4,42,22224,0,0.0,0.0,0.0,0.0,1.0
46,44,4,42,22224,0,0.0,0.0,0.0,0.0,1.0
46,44,4,42,22224,0,0.0,0.0,0.0,0.0,1.0
39,45,9,1474,22182,1,0.0,0.0,0.0,1.0,0.0
39,45,9,572,22182,1,0.0,0.0,0.0,1.0,0.0
46,44,4,42,22224,0,0.0,0.0,0.0,0.0,1.0
46,44,4,42,22224,0,0.0,0.0,0.0,0.0,1.0
46,44,4,42,22224,0,0.0,0.0,0.0,0.0,1.0
2,45,7,1474,9772,1,0.0,0.0,0.0,1.0,0.0
45,21,9,112,22182,1,0.0,0.0,0.0,1.0,0.0
67,65,0,42,23250,0,1.0,0.0,0.0,0.0,0.0
46,44,4,42,22224,0,0.0,0.0,0.0,0.0,1.0
46,44,4,42,22224,0,0.0,0.0,0.0,0.0,1.0
46,44,4,42,22224,0,0.0,0.0,0.0,0.0,1.0
46,44,4,42,22224,0,0.0,0.0,0.0,0.0,1.0
46,44,4,42,22224,0,0.0,0.0,0.0,0.0,1.0
46,44,4,42,22224,0,0.0,0.0,0.0,0.0,1.0
46,44,4,42,22224,0,0.0,0.0,0.0,0.0,1.0
39,45,9,1474,22182,1,0.0,0.0,0.0,1.0,0.0
39,45,9,1474,22182,1,0.0,0.0,0.0,1.0,0.0
46,44,4,42,22224,0,0.0,0.0,0.0,0.0,1.0
46,44,4,42,22224,0,0.0,0.0,0.0,0.0,1.0
60,45,9,1474,22191,1,0.0,0.0,0.0,1.0,0.0
46,44,4,42,22224,0,0.0,0.0,0.0,0.0,1.0
46,44,4,42,22224,0,0.0,0.0,0.0,0.0,1.0
46,44,4,42,22224,0,0.0,0.0,0.0,0.0,1.0
46,44,4,42,22224,0,0.0,0.0,0.0,0.0,1.0
46,44,4,42,22224,0,0.0,0.0,0.0,0.0,1.0
45,46,7,58,4451,1,0.0,0.0,0.0,1.0,0.0
46,44,4,42,22224,0,0.0,0.0,0.0,0.0,1.0
46,44,4,42,22224,0,0.0,0.0,0.0,0.0,1.0
46,44,4,42,22224,0,0.0,0.0,0.0,0.0,1.0
46,45,7,54,3024,0,0.0,0.0,1.0,0.0,0.0
46,44,4,42,22224,0,0.0,0.0,0.0,0.0,1.0
44,45,7,54,21278,0,0.0,0.0,1.0,0.0,0.0
46,44,4,42,22224,0,0.0,0.0,0.0,0.0,1.0
46,44,4,42,22224,0,0.0,0.0,0.0,0.0,1.0
40,45,9,1451,22195,1,0.0,0.0,0.0,1.0,0.0
46,44,4,42,22224,0,0.0,0.0,0.0,0.0,1.0
46,44,4,42,22224,0,0.0,0.0,0.0,0.0,1.0
46,44,4,42,22224,0,0.0,0.0,0.0,0.0,1.0
46,44,4,42,22224,0,0.0,0.0,0.0,0.0,1.0
46,44,4,42,22224,0,0.0,0.0,0.0,0.0,1.0
46,44,4,42,22224,0,0.0,0.0,0.0,0.0,1.0
46,44,4,42,22224,0,0.0,0.0,0.0,0.0,1.0
46,44,4,42,22224,0,0.0,0.0,0.0,0.0,1.0
46,44,4,42,22224,0,0.0,0.0,0.0,0.0,1.0
46,44,4,42,22224,0,0.0,0.0,0.0,0.0,1.0
46,44,4,42,22224,0,0.0,0.0,0.0,0.0,1.0
46,44,4,42,22224,0,0.0,0.0,0.0,0.0,1.0
46,45,7,54,2295,0,0.0,0.0,1.0,0.0,0.0
34,45,9,104,22182,1,0.0,0.0,0.0,1.0,0.0
45,46,7,58,8421,1,0.0,0.0,0.0,1.0,0.0
46,44,4,42,22224,0,0.0,0.0,0.0,0.0,1.0
46,44,4,42,22224,0,0.0,0.0,0.0,0.0,1.0
46,44,4,42,22224,0,0.0,0.0,0.0,0.0,1.0
46,45,7,54,17138,0,0.0,0.0,1.0,0.0,0.0
45,46,7,58,9315,1,0.0,0.0,0.0,1.0,0.0
46,44,4,42,22224,0,0.0,0.0,0.0,0.0,1.0
45,46,7,54,6691,1,0.0,0.0,0.0,1.0,0.0
46,44,4,42,22224,0,0.0,0.0,0.0,0.0,1.0
45,44,7,58,5599,1,0.0,0.0,0.0,1.0,0.0
46,44,4,42,22224,0,0.0,0.0,0.0,0.0,1.0
46,44,4,42,22224,0,0.0,0.0,0.0,0.0,1.0
60,45,7,1474,11933,1,0.0,0.0,0.0,1.0,0.0
60,45,7,1474,12080,1,0.0,0.0,0.0,1.0,0.0
46,44,4,42,22224,0,0.0,0.0,0.0,0.0,1.0
46,44,4,42,22224,0,0.0,0.0,0.0,0.0,1.0
46,44,4,42,22224,0,0.0,0.0,0.0,0.0,1.0
45,46,7,54,15374,1,0.0,0.0,0.0,1.0,0.0
45,27,7,66,6766,1,0.0,0.0,0.0,1.0,0.0
